t_val,chan1,chan2,chan3,chan4,chan5
3750617847.477,1.450,1.160,1.370,1.480,1.450
3750617847.482,1.450,1.160,1.370,1.480,1.450
3750617847.485,1.450,1.160,1.370,1.480,1.450
3750617847.487,1.450,1.160,1.370,1.480,1.450
3750617847.489,1.450,1.160,1.370,1.480,1.450
3750617847.495,1.450,1.160,1.370,1.480,1.450
3750617847.498,1.450,1.160,1.370,1.480,1.450
3750617847.502,1.450,1.160,1.370,1.480,1.450
3750617847.505,1.450,1.160,1.370,1.480,1.450
3750617847.508,1.450,1.160,1.370,1.480,1.450
3750617847.511,1.450,1.160,1.370,1.480,1.450
3750617847.513,1.450,1.160,1.370,1.480,1.450
3750617847.516,1.450,1.160,1.370,1.480,1.450
3750617847.518,1.450,1.160,1.370,1.480,1.450
3750617847.520,1.450,1.160,1.370,1.480,1.450
3750617847.523,1.450,1.160,1.370,1.480,1.450
3750617847.529,1.450,1.160,1.370,1.480,1.450
3750617847.532,1.450,1.160,1.370,1.480,1.450
3750617847.534,1.450,1.160,1.370,1.480,1.450
3750617847.538,1.450,1.160,1.370,1.480,1.450
3750617847.542,1.450,1.160,1.370,1.480,1.450
3750617847.545,1.450,1.160,1.370,1.480,1.450
3750617847.547,1.450,1.160,1.370,1.480,1.450
3750617847.549,1.450,1.160,1.370,1.480,1.450
3750617847.551,1.450,1.160,1.370,1.480,1.450
3750617847.553,1.450,1.160,1.370,1.480,1.450
3750617847.555,1.450,1.160,1.370,1.480,1.450
3750617847.562,1.450,1.160,1.370,1.480,1.450
3750617847.566,1.450,1.160,1.370,1.480,1.450
3750617847.569,1.450,1.160,1.370,1.480,1.450
3750617847.572,1.450,1.160,1.370,1.480,1.450
3750617847.576,1.450,1.160,1.370,1.480,1.450
3750617847.580,1.450,1.160,1.370,1.480,1.450
3750617847.582,1.450,1.160,1.370,1.480,1.450
3750617847.584,1.450,1.160,1.370,1.480,1.450
3750617847.586,1.450,1.160,1.370,1.480,1.450
3750617847.591,1.450,1.160,1.370,1.480,1.450
3750617847.594,1.450,1.160,1.370,1.480,1.450
3750617847.596,1.450,1.160,1.370,1.480,1.450
3750617847.600,1.450,1.160,1.370,1.480,1.450
3750617847.604,1.450,1.160,1.370,1.480,1.450
3750617847.607,1.450,1.160,1.370,1.480,1.450
3750617847.611,1.450,1.160,1.370,1.480,1.450
3750617847.615,1.450,1.160,1.370,1.480,1.450
3750617847.618,1.450,1.160,1.370,1.480,1.450
3750617847.622,1.450,1.160,1.370,1.480,1.450
3750617847.625,1.450,1.160,1.370,1.480,1.450
3750617847.628,1.450,1.160,1.370,1.480,1.450
3750617847.632,1.450,1.160,1.370,1.480,1.450
3750617847.635,1.450,1.160,1.370,1.480,1.450
3750617847.638,1.450,1.160,1.370,1.480,1.450
3750617847.641,1.450,1.160,1.370,1.480,1.450
3750617847.643,1.450,1.160,1.370,1.480,1.450
3750617847.646,1.450,1.160,1.370,1.480,1.450
3750617847.648,1.450,1.160,1.370,1.480,1.450
3750617847.650,1.450,1.160,1.370,1.480,1.450
3750617847.652,1.450,1.160,1.370,1.480,1.450
3750617847.655,1.450,1.160,1.370,1.480,1.450
3750617847.658,1.450,1.160,1.370,1.480,1.450
3750617847.660,1.450,1.160,1.370,1.480,1.450
3750617847.663,1.450,1.160,1.370,1.480,1.450
3750617847.666,1.450,1.160,1.370,1.480,1.450
3750617847.668,1.450,1.160,1.370,1.480,1.450
3750617847.670,1.450,1.160,1.370,1.480,1.450
3750617847.672,1.450,1.160,1.370,1.480,1.450
3750617847.677,1.450,1.160,1.370,1.480,1.450
3750617847.681,1.450,1.160,1.370,1.480,1.450
3750617847.684,1.450,1.160,1.370,1.480,1.450
3750617847.687,1.450,1.160,1.370,1.480,1.450
3750617847.691,1.450,1.160,1.370,1.480,1.450
3750617847.694,1.450,1.160,1.370,1.480,1.450
3750617847.701,1.450,1.160,1.370,1.480,1.450
3750617847.705,1.450,1.160,1.370,1.480,1.450
3750617847.708,1.450,1.160,1.370,1.480,1.450
3750617847.711,1.450,1.160,1.370,1.480,1.450
3750617847.714,1.450,1.160,1.370,1.480,1.450
3750617847.718,1.450,1.160,1.370,1.480,1.450
3750617847.721,1.450,1.160,1.370,1.480,1.450
3750617847.723,1.450,1.160,1.370,1.480,1.450
3750617847.726,1.450,1.160,1.370,1.480,1.450
3750617847.731,1.450,1.160,1.370,1.480,1.450
3750617847.733,1.450,1.160,1.370,1.480,1.450
3750617847.734,1.450,1.160,1.370,1.480,1.450
3750617847.736,1.450,1.160,1.370,1.480,1.450
3750617847.739,1.450,1.160,1.370,1.480,1.450
3750617847.742,1.450,1.160,1.370,1.480,1.450
3750617847.747,1.450,1.160,1.370,1.480,1.450
3750617847.750,1.450,1.160,1.370,1.480,1.450
3750617847.752,1.450,1.160,1.370,1.480,1.450
3750617847.756,1.450,1.160,1.370,1.480,1.450
3750617847.758,1.450,1.160,1.370,1.480,1.450
3750617847.763,1.450,1.160,1.370,1.480,1.450
3750617847.769,1.450,1.160,1.370,1.480,1.450
3750617847.772,1.450,1.160,1.370,1.480,1.450
3750617847.776,1.450,1.160,1.370,1.480,1.450
3750617847.780,1.450,1.160,1.370,1.480,1.450
3750617847.782,1.450,1.160,1.370,1.480,1.450
3750617847.785,1.450,1.160,1.370,1.480,1.450
3750617847.787,1.450,1.160,1.370,1.480,1.450
3750617847.791,1.450,1.160,1.370,1.480,1.450
3750617847.795,1.450,1.160,1.370,1.480,1.450
3750617847.797,1.450,1.160,1.370,1.480,1.450
3750617847.800,1.450,1.160,1.370,1.480,1.450
3750617847.803,1.450,1.160,1.370,1.480,1.450
3750617847.805,1.450,1.160,1.370,1.480,1.450
3750617847.810,1.450,1.160,1.370,1.480,1.450
3750617847.812,1.450,1.160,1.370,1.480,1.450
3750617847.814,1.450,1.160,1.370,1.480,1.450
3750617847.816,1.450,1.160,1.370,1.480,1.450
3750617847.818,1.450,1.160,1.370,1.480,1.450
3750617847.820,1.450,1.160,1.370,1.480,1.450
3750617847.823,1.450,1.160,1.370,1.480,1.450
3750617847.827,1.450,1.160,1.370,1.480,1.450
3750617847.830,1.450,1.160,1.370,1.480,1.450
3750617847.832,1.450,1.160,1.370,1.480,1.450
3750617847.835,1.450,1.160,1.370,1.480,1.450
3750617847.838,1.450,1.160,1.370,1.480,1.450
3750617847.841,1.450,1.160,1.370,1.480,1.450
3750617847.845,1.450,1.160,1.370,1.480,1.450
3750617847.847,1.450,1.160,1.370,1.480,1.450
3750617847.850,1.450,1.160,1.370,1.480,1.450
3750617847.851,1.450,1.160,1.370,1.480,1.450
3750617847.853,1.450,1.160,1.370,1.480,1.450
3750617847.856,1.450,1.160,1.370,1.480,1.450
3750617847.858,1.450,1.160,1.370,1.480,1.450
3750617847.860,1.450,1.160,1.370,1.480,1.450
3750617847.862,1.450,1.160,1.370,1.480,1.450
3750617847.864,1.450,1.160,1.370,1.480,1.450
3750617847.866,1.450,1.160,1.370,1.480,1.450
3750617847.869,1.450,1.160,1.370,1.480,1.450
3750617847.871,1.450,1.160,1.370,1.480,1.450
3750617847.875,1.450,1.160,1.370,1.480,1.450
3750617847.878,1.450,1.160,1.370,1.480,1.450
3750617847.880,1.450,1.160,1.370,1.480,1.450
3750617847.882,1.450,1.160,1.370,1.480,1.450
3750617847.884,1.450,1.160,1.370,1.480,1.450
3750617847.886,1.450,1.160,1.370,1.480,1.450
3750617847.890,1.450,1.160,1.370,1.480,1.450
3750617847.893,1.450,1.160,1.370,1.480,1.450
3750617847.895,1.450,1.160,1.370,1.480,1.450
3750617847.897,1.450,1.160,1.370,1.480,1.450
3750617847.898,1.450,1.160,1.370,1.480,1.450
3750617847.900,1.450,1.160,1.370,1.480,1.450
3750617847.903,1.450,1.160,1.370,1.480,1.450
3750617847.907,1.450,1.160,1.370,1.480,1.450
3750617847.910,1.450,1.160,1.370,1.480,1.450
3750617847.912,1.450,1.160,1.370,1.480,1.450
3750617847.914,1.450,1.160,1.370,1.480,1.450
3750617847.916,1.450,1.160,1.370,1.480,1.450
3750617847.918,1.450,1.160,1.370,1.480,1.450
3750617847.921,1.450,1.160,1.370,1.480,1.450
3750617847.924,1.450,1.160,1.370,1.480,1.450
3750617847.926,1.450,1.160,1.370,1.480,1.450
3750617847.928,1.450,1.160,1.370,1.480,1.450
3750617847.930,1.450,1.160,1.370,1.480,1.450
3750617847.931,1.450,1.160,1.370,1.480,1.450
3750617847.933,1.450,1.160,1.370,1.480,1.450
3750617847.936,1.450,1.160,1.370,1.480,1.450
3750617847.939,1.450,1.160,1.370,1.480,1.450
3750617847.941,1.450,1.160,1.370,1.480,1.450
3750617847.943,1.450,1.160,1.370,1.480,1.450
3750617847.945,1.450,1.160,1.380,1.480,1.450
3750617847.948,1.450,1.160,1.380,1.480,1.450
3750617847.950,1.450,1.160,1.380,1.480,1.450
3750617847.953,1.450,1.160,1.370,1.480,1.450
3750617847.956,1.450,1.160,1.370,1.480,1.450
3750617847.959,1.450,1.160,1.370,1.480,1.450
3750617847.961,1.450,1.160,1.370,1.480,1.450
3750617847.963,1.450,1.160,1.370,1.480,1.450
3750617847.965,1.450,1.160,1.370,1.480,1.450
3750617847.968,1.450,1.160,1.370,1.480,1.450
3750617847.971,1.450,1.160,1.370,1.480,1.450
3750617847.975,1.450,1.160,1.370,1.480,1.450
3750617847.979,1.450,1.160,1.380,1.480,1.450
3750617847.984,1.450,1.160,1.380,1.480,1.450
3750617847.987,1.450,1.160,1.380,1.480,1.450
3750617847.991,1.450,1.160,1.370,1.480,1.450
3750617847.999,1.450,1.160,1.370,1.480,1.450
3750617848.005,1.450,1.160,1.370,1.480,1.450
3750617848.011,1.450,1.160,1.370,1.480,1.450
3750617848.015,1.450,1.160,1.370,1.480,1.450
3750617848.017,1.450,1.160,1.370,1.480,1.450
3750617848.019,1.450,1.160,1.370,1.480,1.450
3750617848.024,1.450,1.160,1.370,1.480,1.450
3750617848.027,1.450,1.160,1.370,1.480,1.450
3750617848.030,1.450,1.160,1.370,1.480,1.450
3750617848.033,1.450,1.160,1.370,1.480,1.450
3750617848.035,1.450,1.160,1.370,1.480,1.450
3750617848.038,1.450,1.160,1.370,1.480,1.450
3750617848.042,1.450,1.160,1.370,1.480,1.450
3750617848.048,1.450,1.160,1.370,1.480,1.450
3750617848.052,1.450,1.160,1.370,1.480,1.450
3750617848.055,1.450,1.160,1.370,1.480,1.450
3750617848.059,1.450,1.160,1.370,1.480,1.450
3750617848.064,1.450,1.160,1.370,1.480,1.450
3750617848.066,1.450,1.160,1.370,1.480,1.450
3750617848.069,1.450,1.160,1.370,1.480,1.450
3750617848.073,1.450,1.160,1.370,1.480,1.450
3750617848.076,1.450,1.160,1.370,1.480,1.450
3750617848.079,1.450,1.160,1.370,1.480,1.450
3750617848.083,1.450,1.160,1.370,1.480,1.450
3750617848.085,1.450,1.160,1.370,1.480,1.450
3750617848.088,1.450,1.160,1.370,1.480,1.450
3750617848.090,1.450,1.160,1.370,1.480,1.450
3750617848.095,1.450,1.160,1.370,1.480,1.450
3750617848.097,1.450,1.160,1.370,1.480,1.450
3750617848.099,1.450,1.160,1.370,1.480,1.450
3750617848.101,1.450,1.160,1.370,1.480,1.450
3750617848.103,1.450,1.160,1.370,1.480,1.450
3750617848.107,1.450,1.160,1.370,1.480,1.450
3750617848.109,1.450,1.160,1.370,1.480,1.450
3750617848.112,1.450,1.160,1.370,1.480,1.450
3750617848.115,1.450,1.160,1.370,1.480,1.450
3750617848.118,1.450,1.160,1.370,1.480,1.450
3750617848.122,1.450,1.160,1.370,1.480,1.450
3750617848.125,1.450,1.160,1.370,1.480,1.450
3750617848.127,1.450,1.160,1.370,1.480,1.450
3750617848.130,1.450,1.160,1.370,1.480,1.450
3750617848.133,1.450,1.160,1.370,1.480,1.450
3750617848.135,1.450,1.160,1.370,1.480,1.450
3750617848.137,1.450,1.160,1.370,1.480,1.450
3750617848.141,1.450,1.160,1.370,1.480,1.450
3750617848.144,1.450,1.160,1.370,1.480,1.450
3750617848.146,1.450,1.160,1.370,1.480,1.450
3750617848.148,1.450,1.160,1.370,1.480,1.450
3750617848.150,1.450,1.160,1.370,1.480,1.450
3750617848.153,1.450,1.160,1.370,1.480,1.450
3750617848.156,1.450,1.160,1.370,1.480,1.450
3750617848.159,1.450,1.160,1.370,1.480,1.450
3750617848.161,1.450,1.160,1.370,1.480,1.450
3750617848.164,1.450,1.160,1.370,1.480,1.450
3750617848.167,1.450,1.160,1.370,1.480,1.450
3750617848.170,1.450,1.160,1.370,1.480,1.450
3750617848.173,1.450,1.160,1.370,1.480,1.450
3750617848.175,1.450,1.160,1.370,1.480,1.450
3750617848.179,1.450,1.160,1.370,1.480,1.450
3750617848.182,1.450,1.160,1.370,1.480,1.450
3750617848.187,1.450,1.160,1.370,1.480,1.450
3750617848.190,1.450,1.160,1.370,1.480,1.450
3750617848.193,1.450,1.160,1.370,1.480,1.450
3750617848.195,1.450,1.160,1.370,1.480,1.450
3750617848.197,1.450,1.160,1.370,1.480,1.450
3750617848.201,1.450,1.160,1.370,1.480,1.450
3750617848.205,1.450,1.160,1.370,1.480,1.450
3750617848.207,1.450,1.160,1.370,1.480,1.450
3750617848.211,1.450,1.160,1.370,1.480,1.450
3750617848.213,1.450,1.160,1.370,1.480,1.450
3750617848.215,1.450,1.160,1.370,1.480,1.450
3750617848.217,1.450,1.160,1.370,1.480,1.450
3750617848.222,1.450,1.160,1.370,1.480,1.450
3750617848.225,1.450,1.160,1.370,1.480,1.450
3750617848.227,1.450,1.160,1.370,1.480,1.450
3750617848.229,1.450,1.160,1.370,1.480,1.450
3750617848.230,1.450,1.160,1.370,1.480,1.450
3750617848.232,1.450,1.160,1.370,1.480,1.450
3750617848.237,1.450,1.160,1.370,1.480,1.450
3750617848.239,1.450,1.160,1.370,1.480,1.450
3750617848.241,1.450,1.160,1.370,1.480,1.450
3750617848.243,1.450,1.160,1.370,1.480,1.450
3750617848.246,1.450,1.160,1.370,1.480,1.450
3750617848.248,1.450,1.160,1.370,1.480,1.450
3750617848.251,1.450,1.160,1.370,1.480,1.450
3750617848.254,1.450,1.160,1.370,1.480,1.450
3750617848.257,1.450,1.160,1.370,1.480,1.450
3750617848.260,1.450,1.160,1.370,1.480,1.450
3750617848.263,1.450,1.160,1.370,1.480,1.450
3750617848.266,1.450,1.160,1.370,1.480,1.450
3750617848.270,1.450,1.160,1.370,1.480,1.450
3750617848.272,1.450,1.160,1.370,1.480,1.450
3750617848.275,1.450,1.160,1.370,1.480,1.450
3750617848.279,1.450,1.160,1.370,1.480,1.450
3750617848.281,1.450,1.160,1.370,1.480,1.450
3750617848.283,1.450,1.160,1.370,1.480,1.450
3750617848.286,1.450,1.160,1.370,1.480,1.450
3750617848.289,1.450,1.160,1.370,1.480,1.450
3750617848.291,1.450,1.160,1.370,1.480,1.450
3750617848.294,1.450,1.160,1.370,1.480,1.450
3750617848.298,1.450,1.160,1.370,1.480,1.450
3750617848.303,1.450,1.160,1.370,1.480,1.450
3750617848.305,1.450,1.160,1.370,1.480,1.450
3750617848.307,1.450,1.160,1.370,1.480,1.450
3750617848.311,1.450,1.160,1.380,1.480,1.450
3750617848.313,1.450,1.160,1.380,1.480,1.450
3750617848.315,1.450,1.160,1.380,1.480,1.450
3750617848.318,1.450,1.160,1.370,1.480,1.450
3750617848.322,1.450,1.160,1.370,1.480,1.450
3750617848.326,1.450,1.160,1.370,1.480,1.450
3750617848.330,1.450,1.160,1.370,1.480,1.450
3750617848.335,1.450,1.160,1.370,1.480,1.450
3750617848.340,1.450,1.160,1.370,1.480,1.450
3750617848.343,1.450,1.160,1.370,1.480,1.450
3750617848.346,1.450,1.160,1.370,1.480,1.450
3750617848.349,1.450,1.160,1.370,1.480,1.450
3750617848.353,1.450,1.160,1.370,1.480,1.450
3750617848.356,1.450,1.160,1.370,1.480,1.450
3750617848.358,1.450,1.160,1.370,1.480,1.450
3750617848.363,1.450,1.160,1.370,1.480,1.450
3750617848.366,1.450,1.160,1.370,1.480,1.450
3750617848.369,1.450,1.160,1.370,1.480,1.450
3750617848.372,1.450,1.160,1.370,1.480,1.450
3750617848.374,1.450,1.160,1.370,1.480,1.450
3750617848.378,1.450,1.160,1.370,1.480,1.450
3750617848.381,1.450,1.160,1.370,1.480,1.450
3750617848.383,1.450,1.160,1.370,1.480,1.450
3750617848.388,1.450,1.160,1.370,1.480,1.450
3750617848.391,1.450,1.160,1.370,1.480,1.450
3750617848.395,1.450,1.160,1.370,1.480,1.450
3750617848.399,1.450,1.160,1.370,1.480,1.450
3750617848.403,1.450,1.160,1.370,1.480,1.450
3750617848.406,1.450,1.160,1.370,1.480,1.450
3750617848.410,1.450,1.160,1.370,1.480,1.450
3750617848.413,1.450,1.160,1.370,1.480,1.450
3750617848.416,1.450,1.160,1.370,1.480,1.450
3750617848.421,1.450,1.160,1.370,1.480,1.450
3750617848.422,1.450,1.160,1.370,1.480,1.450
3750617848.425,1.450,1.160,1.370,1.480,1.450
3750617848.428,1.450,1.160,1.370,1.480,1.450
3750617848.430,1.450,1.160,1.370,1.480,1.450
3750617848.432,1.450,1.160,1.370,1.480,1.450
3750617848.433,1.450,1.160,1.370,1.480,1.450
3750617848.435,1.450,1.160,1.370,1.480,1.450
3750617848.438,1.450,1.160,1.370,1.480,1.450
3750617848.442,1.450,1.160,1.370,1.480,1.450
3750617848.444,1.450,1.160,1.370,1.480,1.450
3750617848.446,1.450,1.160,1.370,1.480,1.450
3750617848.448,1.450,1.160,1.370,1.480,1.450
3750617848.450,1.450,1.160,1.370,1.480,1.450
3750617848.453,1.450,1.160,1.370,1.480,1.450
3750617848.455,1.450,1.160,1.370,1.480,1.450
3750617848.459,1.450,1.160,1.370,1.480,1.450
3750617848.464,1.450,1.160,1.370,1.480,1.450
3750617848.466,1.450,1.160,1.370,1.480,1.450
3750617848.470,1.450,1.160,1.370,1.480,1.450
3750617848.473,1.450,1.160,1.370,1.480,1.450
3750617848.476,1.450,1.160,1.370,1.480,1.450
3750617848.478,1.450,1.160,1.370,1.480,1.450
3750617848.480,1.450,1.160,1.370,1.480,1.450
3750617848.483,1.450,1.160,1.370,1.480,1.450
3750617848.486,1.450,1.160,1.370,1.480,1.450
3750617848.489,1.450,1.160,1.370,1.480,1.450
3750617848.492,1.450,1.160,1.370,1.480,1.450
3750617848.494,1.450,1.160,1.370,1.480,1.450
3750617848.496,1.450,1.160,1.370,1.480,1.450
3750617848.498,1.450,1.160,1.370,1.480,1.450
3750617848.501,1.450,1.160,1.370,1.480,1.450
3750617848.503,1.450,1.160,1.370,1.480,1.450
3750617848.507,1.450,1.160,1.370,1.480,1.450
3750617848.509,1.450,1.160,1.370,1.480,1.450
3750617848.511,1.450,1.160,1.370,1.480,1.450
3750617848.513,1.450,1.160,1.370,1.480,1.450
3750617848.516,1.450,1.160,1.370,1.480,1.450
3750617848.519,1.450,1.160,1.370,1.480,1.450
3750617848.522,1.450,1.160,1.380,1.480,1.450
3750617848.524,1.450,1.160,1.380,1.480,1.450
3750617848.527,1.450,1.160,1.380,1.480,1.450
3750617848.529,1.450,1.160,1.370,1.480,1.450
3750617848.531,1.450,1.160,1.370,1.480,1.450
3750617848.533,1.450,1.160,1.370,1.480,1.450
3750617848.538,1.450,1.160,1.370,1.480,1.450
3750617848.541,1.450,1.160,1.370,1.480,1.450
3750617848.544,1.450,1.160,1.370,1.480,1.450
3750617848.548,1.450,1.160,1.370,1.480,1.450
3750617848.551,1.450,1.160,1.370,1.480,1.450
3750617848.554,1.450,1.160,1.370,1.480,1.450
3750617848.557,1.450,1.160,1.370,1.480,1.450
3750617848.559,1.450,1.160,1.370,1.480,1.450
3750617848.561,1.450,1.160,1.370,1.480,1.450
3750617848.563,1.450,1.160,1.370,1.480,1.450
3750617848.565,1.450,1.160,1.370,1.480,1.450
3750617848.570,1.450,1.160,1.370,1.480,1.450
3750617848.573,1.450,1.160,1.370,1.480,1.450
3750617848.575,1.450,1.160,1.370,1.480,1.450
3750617848.578,1.450,1.160,1.370,1.480,1.450
3750617848.580,1.450,1.160,1.370,1.480,1.450
3750617848.582,1.450,1.160,1.370,1.480,1.450
3750617848.585,1.450,1.160,1.370,1.480,1.450
3750617848.589,1.450,1.160,1.370,1.480,1.450
3750617848.591,1.450,1.160,1.370,1.480,1.450
3750617848.594,1.450,1.160,1.370,1.480,1.450
3750617848.596,1.450,1.160,1.370,1.480,1.450
3750617848.601,1.450,1.160,1.370,1.480,1.450
3750617848.605,1.450,1.160,1.370,1.480,1.450
3750617848.607,1.450,1.160,1.370,1.480,1.450
3750617848.611,1.450,1.160,1.370,1.480,1.450
3750617848.613,1.450,1.160,1.370,1.480,1.450
3750617848.616,1.450,1.160,1.370,1.480,1.450
3750617848.620,1.450,1.160,1.370,1.480,1.450
3750617848.624,1.450,1.160,1.370,1.480,1.450
3750617848.626,1.450,1.160,1.370,1.480,1.450
3750617848.628,1.450,1.160,1.370,1.480,1.450
3750617848.630,1.450,1.160,1.370,1.480,1.450
3750617848.636,1.450,1.160,1.370,1.480,1.450
3750617848.639,1.450,1.160,1.370,1.480,1.450
3750617848.641,1.450,1.160,1.370,1.480,1.450
3750617848.644,1.450,1.160,1.370,1.480,1.450
3750617848.646,1.450,1.160,1.370,1.480,1.450
3750617848.650,1.450,1.160,1.370,1.480,1.450
3750617848.653,1.450,1.160,1.370,1.480,1.450
3750617848.656,1.450,1.160,1.370,1.480,1.450
3750617848.658,1.450,1.160,1.370,1.480,1.450
3750617848.660,1.450,1.160,1.370,1.480,1.450
3750617848.663,1.450,1.160,1.370,1.480,1.450
3750617848.666,1.450,1.160,1.370,1.480,1.450
3750617848.671,1.450,1.160,1.370,1.480,1.450
3750617848.673,1.450,1.160,1.370,1.480,1.450
3750617848.676,1.450,1.160,1.370,1.480,1.450
3750617848.680,1.450,1.160,1.370,1.480,1.450
3750617848.684,1.450,1.160,1.370,1.480,1.450
3750617848.688,1.450,1.160,1.370,1.480,1.450
3750617848.690,1.450,1.160,1.370,1.480,1.450
3750617848.692,1.450,1.160,1.370,1.480,1.450
3750617848.697,1.450,1.160,1.370,1.480,1.450
3750617848.700,1.450,1.160,1.370,1.480,1.450
3750617848.702,1.450,1.160,1.370,1.480,1.450
3750617848.706,1.450,1.160,1.370,1.480,1.450
3750617848.708,1.450,1.160,1.370,1.480,1.450
3750617848.710,1.450,1.160,1.370,1.480,1.450
3750617848.713,1.450,1.160,1.370,1.480,1.450
3750617848.716,1.450,1.160,1.370,1.480,1.450
3750617848.719,1.450,1.160,1.370,1.480,1.450
3750617848.722,1.450,1.160,1.370,1.480,1.450
3750617848.724,1.450,1.160,1.370,1.480,1.450
3750617848.728,1.450,1.160,1.370,1.480,1.450
3750617848.731,1.450,1.160,1.370,1.480,1.450
3750617848.733,1.450,1.160,1.370,1.480,1.450
3750617848.739,1.450,1.160,1.370,1.480,1.450
3750617848.742,1.450,1.160,1.370,1.480,1.450
3750617848.745,1.450,1.160,1.370,1.480,1.450
3750617848.750,1.450,1.160,1.370,1.480,1.450
3750617848.755,1.450,1.160,1.370,1.480,1.450
3750617848.758,1.450,1.160,1.370,1.480,1.450
3750617848.763,1.450,1.160,1.370,1.480,1.450
3750617848.766,1.450,1.160,1.370,1.480,1.450
3750617848.770,1.450,1.160,1.370,1.480,1.450
3750617848.773,1.450,1.160,1.370,1.480,1.450
3750617848.777,1.450,1.160,1.370,1.480,1.450
3750617848.779,1.450,1.160,1.370,1.480,1.450
3750617848.781,1.450,1.160,1.370,1.480,1.450
3750617848.783,1.450,1.160,1.370,1.480,1.450
3750617848.785,1.450,1.160,1.370,1.480,1.450
3750617848.788,1.450,1.160,1.370,1.480,1.450
3750617848.790,1.450,1.160,1.370,1.480,1.450
3750617848.793,1.450,1.160,1.370,1.480,1.450
3750617848.795,1.450,1.160,1.370,1.480,1.450
3750617848.797,1.450,1.160,1.370,1.480,1.450
3750617848.800,1.450,1.160,1.370,1.480,1.450
3750617848.805,1.450,1.160,1.370,1.480,1.450
3750617848.810,1.450,1.160,1.370,1.480,1.450
3750617848.813,1.450,1.160,1.370,1.480,1.450
3750617848.816,1.450,1.160,1.370,1.480,1.450
3750617848.818,1.450,1.160,1.370,1.480,1.450
3750617848.820,1.450,1.160,1.370,1.480,1.450
3750617848.825,1.450,1.160,1.370,1.480,1.450
3750617848.827,1.450,1.160,1.370,1.480,1.450
3750617848.830,1.450,1.160,1.370,1.480,1.450
3750617848.831,1.450,1.160,1.370,1.480,1.450
3750617848.833,1.450,1.160,1.370,1.480,1.450
3750617848.836,1.450,1.160,1.370,1.480,1.450
3750617848.840,1.450,1.160,1.370,1.480,1.450
3750617848.842,1.450,1.160,1.380,1.480,1.450
3750617848.844,1.450,1.160,1.380,1.480,1.450
3750617848.846,1.450,1.160,1.380,1.480,1.450
3750617848.848,1.450,1.160,1.370,1.480,1.450
3750617848.850,1.450,1.160,1.370,1.480,1.450
3750617848.854,1.450,1.160,1.370,1.480,1.450
3750617848.856,1.450,1.160,1.370,1.480,1.450
3750617848.859,1.450,1.160,1.370,1.480,1.450
3750617848.862,1.450,1.160,1.370,1.480,1.450
3750617848.865,1.450,1.160,1.370,1.480,1.450
3750617848.868,1.450,1.160,1.370,1.480,1.450
3750617848.871,1.450,1.160,1.370,1.480,1.450
3750617848.875,1.450,1.160,1.370,1.480,1.450
3750617848.878,1.450,1.160,1.370,1.480,1.450
3750617848.881,1.450,1.160,1.370,1.450
3750617848.885,1.450,1.160,1.370,1.480,1.450
3750617848.888,1.450,1.160,1.370,1.480,1.450
3750617848.890,1.450,1.160,1.370,1.480,1.450
3750617848.892,1.450,1.160,1.370,1.480,1.450
3750617848.895,1.450,1.160,1.370,1.480,1.450
3750617848.898,1.450,1.160,1.370,1.480,1.450
3750617848.904,1.450,1.160,1.370,1.480,1.450
3750617848.906,1.450,1.160,1.370,1.480,1.450
3750617848.908,1.450,1.160,1.370,1.480,1.450
3750617848.911,1.450,1.160,1.370,1.480,1.450
3750617848.913,1.450,1.160,1.370,1.480,1.450
3750617848.916,1.450,1.160,1.370,1.480,1.450
3750617848.920,1.450,1.160,1.370,1.480,1.450
3750617848.922,1.450,1.160,1.370,1.480,1.450
3750617848.924,1.450,1.160,1.370,1.480,1.450
3750617848.927,1.450,1.160,1.370,1.480,1.450
3750617848.930,1.450,1.160,1.370,1.480,1.450
3750617848.935,1.450,1.160,1.370,1.480,1.450
3750617848.938,1.450,1.160,1.370,1.480,1.450
3750617848.943,1.450,1.160,1.370,1.480,1.450
3750617848.945,1.450,1.160,1.370,1.480,1.450
3750617848.948,1.450,1.160,1.370,1.480,1.450
3750617848.950,1.450,1.160,1.380,1.480,1.450
3750617848.954,1.450,1.160,1.380,1.480,1.450
3750617848.957,1.450,1.160,1.380,1.480,1.450
3750617848.961,1.450,1.160,1.370,1.480,1.450
3750617848.964,1.450,1.160,1.370,1.480,1.450
3750617848.967,1.450,1.160,1.370,1.480,1.450
3750617848.971,1.450,1.160,1.370,1.480,1.450
3750617848.981,1.450,1.160,1.370,1.480,1.450
3750617849.015,1.450,1.160,1.370,1.480,1.450
3750617849.048,1.450,1.160,1.370,1.480,1.450
3750617849.087,1.450,1.160,1.370,1.480,1.450
3750617849.122,1.450,1.160,1.370,1.480,1.450
3750617849.158,1.450,1.160,1.370,1.480,1.450
3750617849.192,1.450,1.160,1.370,1.480,1.450
3750617849.230,1.450,1.160,1.370,1.480,1.450
3750617849.266,1.450,1.160,1.370,1.480,1.450
3750617849.302,1.450,1.160,1.370,1.480,1.450
3750617849.334,1.450,1.160,1.370,1.480,1.450
3750617849.373,1.450,1.160,1.370,1.480,1.450
3750617849.411,1.450,1.160,1.370,1.480,1.450
3750617849.444,1.450,1.160,1.370,1.480,1.450
3750617849.482,1.450,1.160,1.370,1.480,1.450
3750617849.513,1.450,1.160,1.370,1.480,1.450
3750617849.551,1.450,1.160,1.370,1.480,1.450
3750617849.587,1.450,1.160,1.370,1.480,1.450
3750617849.624,1.450,1.160,1.370,1.480,1.450
3750617849.658,1.450,1.160,1.370,1.480,1.450
3750617849.746,1.450,1.160,1.370,1.480,1.450
3750617849.753,1.450,1.160,1.370,1.480,1.450
3750617849.786,1.450,1.160,1.370,1.480,1.450
3750617849.801,1.450,1.160,1.370,1.480,1.450
3750617849.836,1.450,1.160,1.370,1.480,1.450
3750617849.874,1.450,1.160,1.370,1.480,1.450
3750617849.909,1.450,1.160,1.370,1.480,1.450
3750617849.944,1.450,1.160,1.370,1.480,1.450
3750617849.980,1.450,1.160,1.370,1.480,1.450
3750617850.015,1.450,1.160,1.370,1.480,1.450
3750617850.052,1.450,1.160,1.370,1.480,1.450
3750617850.088,1.450,1.160,1.370,1.480,1.450
3750617850.125,1.450,1.160,1.370,1.480,1.450
3750617850.161,1.450,1.160,1.380,1.480,1.450
3750617850.194,1.450,1.160,1.380,1.480,1.450
3750617850.232,1.450,1.160,1.380,1.480,1.450
3750617850.267,1.450,1.160,1.370,1.480,1.450
3750617850.302,1.450,1.160,1.370,1.480,1.450
3750617850.335,1.450,1.160,1.370,1.480,1.450
3750617850.373,1.450,1.160,1.370,1.480,1.450
3750617850.409,1.450,1.160,1.370,1.480,1.450
3750617850.446,1.450,1.160,1.370,1.480,1.450
3750617850.482,1.450,1.160,1.370,1.480,1.450
3750617850.516,1.450,1.160,1.370,1.480,1.450
3750617850.553,1.450,1.160,1.370,1.480,1.450
3750617850.589,1.450,1.160,1.370,1.480,1.450
3750617850.624,1.450,1.160,1.370,1.480,1.450
3750617850.657,1.450,1.160,1.370,1.480,1.450
3750617850.697,1.450,1.160,1.370,1.480,1.450
3750617850.732,1.450,1.160,1.370,1.480,1.450
3750617850.771,1.450,1.160,1.370,1.480,1.450
3750617850.806,1.450,1.160,1.370,1.480,1.450
3750617850.838,1.450,1.160,1.370,1.480,1.450
3750617850.877,1.450,1.160,1.370,1.480,1.450
3750617850.913,1.450,1.160,1.370,1.480,1.450
3750617850.947,1.450,1.160,1.370,1.480,1.450
3750617850.982,1.450,1.160,1.370,1.480,1.450
3750617851.015,1.450,1.160,1.370,1.480,1.450
3750617851.056,1.450,1.160,1.370,1.480,1.450
3750617851.090,1.450,1.160,1.370,1.480,1.450
3750617851.126,1.450,1.160,1.370,1.480,1.450
3750617851.159,1.450,1.160,1.370,1.480,1.450
3750617851.197,1.450,1.160,1.370,1.480,1.450
3750617851.233,1.450,1.160,1.370,1.480,1.450
3750617851.268,1.450,1.160,1.370,1.480,1.450
3750617851.304,1.450,1.160,1.370,1.480,1.450
3750617851.339,1.450,1.160,1.370,1.480,1.450
3750617851.376,1.450,1.160,1.370,1.480,1.450
3750617851.411,1.450,1.160,1.370,1.480,1.450
3750617851.447,1.450,1.160,1.370,1.480,1.450
3750617851.483,1.450,1.160,1.370,1.480,1.450
3750617851.517,1.450,1.160,1.370,1.480,1.450
3750617851.556,1.450,1.160,1.370,1.480,1.450
3750617851.591,1.450,1.160,1.370,1.480,1.450
3750617851.630,1.450,1.160,1.370,1.480,1.450
3750617851.660,1.450,1.160,1.370,1.480,1.450
3750617851.697,1.450,1.160,1.370,1.480,1.450
3750617851.734,1.450,1.160,1.370,1.480,1.450
3750617851.775,1.450,1.160,1.370,1.480,1.450
3750617851.807,1.450,1.160,1.370,1.480,1.450
3750617851.840,1.450,1.160,1.370,1.480,1.450
3750617851.877,1.450,1.160,1.370,1.480,1.450
3750617851.915,1.450,1.160,1.370,1.480,1.450
3750617851.949,1.450,1.160,1.370,1.480,1.450
3750617851.987,1.450,1.160,1.370,1.480,1.450
3750617852.018,1.450,1.160,1.370,1.480,1.450
3750617852.057,1.450,1.160,1.370,1.480,1.450
3750617852.093,1.450,1.160,1.370,1.480,1.450
3750617852.128,1.450,1.160,1.370,1.480,1.450
3750617852.188,1.450,1.160,1.370,1.480,1.450
3750617852.199,1.450,1.160,1.370,1.480,1.450
3750617852.236,1.450,1.160,1.370,1.480,1.450
3750617852.272,1.450,1.160,1.370,1.480,1.450
3750617852.308,1.450,1.160,1.370,1.480,1.450
3750617852.346,1.450,1.160,1.370,1.480,1.450
3750617852.379,1.450,1.160,1.370,1.480,1.450
3750617852.415,1.450,1.160,1.370,1.480,1.450
3750617852.450,1.450,1.160,1.370,1.480,1.450
3750617852.487,1.450,1.160,1.370,1.480,1.450
3750617852.521,1.450,1.160,1.370,1.480,1.450
3750617852.558,1.450,1.160,1.370,1.480,1.450
3750617852.626,1.450,1.160,1.370,1.480,1.450
3750617852.724,1.450,1.160,1.370,1.480,1.450
3750617852.726,1.450,1.160,1.370,1.480,1.450
3750617852.728,1.450,1.160,1.370,1.480,1.450
3750617852.736,1.450,1.160,1.370,1.480,1.450
3750617852.773,1.450,1.160,1.370,1.480,1.450
3750617852.809,1.450,1.160,1.370,1.480,1.450
3750617852.841,1.450,1.160,1.370,1.480,1.450
3750617852.880,1.450,1.160,1.380,1.480,1.450
3750617853.028,1.450,1.160,1.380,1.480,1.450
3750617853.030,1.450,1.160,1.380,1.480,1.450
3750617853.032,1.450,1.160,1.370,1.480,1.450
3750617853.034,1.450,1.160,1.370,1.480,1.450
3750617853.059,1.450,1.160,1.380,1.480,1.450
3750617853.094,1.450,1.160,1.380,1.480,1.450
3750617853.131,1.450,1.160,1.380,1.480,1.450
3750617853.163,1.450,1.160,1.370,1.480,1.450
3750617853.203,1.450,1.160,1.370,1.480,1.450
3750617853.236,1.450,1.160,1.370,1.480,1.450
3750617853.274,1.450,1.160,1.370,1.480,1.450
3750617853.309,1.450,1.160,1.370,1.480,1.450
3750617853.355,1.450,1.160,1.370,1.480,1.450
3750617853.443,1.450,1.160,1.370,1.480,1.450
3750617853.485,1.450,1.160,1.370,1.480,1.450
3750617853.488,1.450,1.160,1.370,1.480,1.450
3750617853.489,1.450,1.160,1.370,1.480,1.450
3750617853.524,1.450,1.160,1.370,1.480,1.450
3750617853.562,1.450,1.160,1.370,1.480,1.450
3750617853.596,1.450,1.160,1.370,1.480,1.450
3750617853.634,1.450,1.160,1.370,1.480,1.450
3750617853.663,1.450,1.160,1.370,1.480,1.450
3750617853.702,1.450,1.160,1.370,1.480,1.450
3750617853.740,1.450,1.160,1.370,1.480,1.450
3750617853.775,1.450,1.160,1.370,1.480,1.450
3750617853.807,1.450,1.160,1.370,1.480,1.450
3750617853.845,1.450,1.160,1.370,1.480,1.450
3750617853.971,1.450,1.160,1.370,1.480,1.450
3750617853.973,1.450,1.160,1.370,1.480,1.450
3750617853.976,1.450,1.160,1.370,1.480,1.450
3750617853.987,1.450,1.160,1.370,1.480,1.450
3750617854.025,1.450,1.160,1.370,1.480,1.450
3750617854.062,1.450,1.160,1.370,1.480,1.450
3750617854.095,1.450,1.160,1.370,1.480,1.450
3750617854.132,1.450,1.160,1.370,1.480,1.450
3750617854.166,1.450,1.160,1.370,1.480,1.450
3750617854.202,1.450,1.160,1.370,1.480,1.450
3750617854.239,1.450,1.160,1.370,1.480,1.450
3750617854.277,1.450,1.160,1.380,1.480,1.450
3750617854.309,1.450,1.160,1.380,1.480,1.450
3750617854.346,1.450,1.160,1.380,1.480,1.450
3750617854.381,1.450,1.160,1.370,1.480,1.450
3750617854.418,1.450,1.160,1.370,1.480,1.450
3750617854.456,1.450,1.160,1.370,1.480,1.450
3750617854.488,1.450,1.160,1.370,1.480,1.450
3750617854.623,1.450,1.160,1.370,1.480,1.450
3750617854.626,1.450,1.160,1.370,1.480,1.450
3750617854.628,1.450,1.160,1.370,1.480,1.450
3750617854.629,1.450,1.160,1.370,1.480,1.450
3750617854.668,1.450,1.160,1.370,1.480,1.450
3750617854.706,1.450,1.160,1.370,1.480,1.450
3750617854.739,1.450,1.160,1.370,1.480,1.450
3750617854.778,1.450,1.160,1.370,1.480,1.450
3750617854.809,1.450,1.160,1.370,1.480,1.450
3750617854.847,1.450,1.160,1.370,1.480,1.450
3750617854.884,1.450,1.160,1.370,1.480,1.450
3750617854.920,1.450,1.160,1.370,1.480,1.450
3750617854.957,1.450,1.160,1.370,1.480,1.450
3750617854.990,1.450,1.160,1.370,1.480,1.450
3750617855.026,1.450,1.160,1.370,1.480,1.450
3750617855.062,1.450,1.160,1.370,1.480,1.450
3750617855.098,1.450,1.160,1.370,1.480,1.450
3750617855.133,1.450,1.160,1.370,1.480,1.450
3750617855.171,1.450,1.160,1.370,1.480,1.450
3750617855.204,1.450,1.160,1.370,1.480,1.450
3750617855.279,1.450,1.160,1.380,1.480,1.450
3750617855.282,1.450,1.160,1.380,1.480,1.450
3750617855.390,1.450,1.160,1.380,1.480,1.450
3750617855.393,1.450,1.160,1.380,1.480,1.450
3750617855.395,1.450,1.160,1.380,1.480,1.450
3750617855.420,1.450,1.160,1.370,1.480,1.450
3750617855.469,1.450,1.160,1.370,1.480,1.450
3750617855.489,1.450,1.160,1.370,1.480,1.450
3750617855.554,1.450,1.160,1.370,1.480,1.450
3750617855.568,1.450,1.160,1.370,1.480,1.450
3750617855.599,1.450,1.160,1.370,1.480,1.450
3750617855.632,1.450,1.160,1.370,1.480,1.450
3750617855.671,1.450,1.160,1.370,1.480,1.450
3750617855.706,1.450,1.160,1.370,1.480,1.450
3750617855.743,1.450,1.160,1.370,1.480,1.450
3750617855.778,1.450,1.160,1.370,1.480,1.450
3750617855.812,1.450,1.160,1.370,1.480,1.450
3750617855.850,1.450,1.160,1.370,1.480,1.450
3750617855.886,1.450,1.160,1.370,1.480,1.450
3750617855.923,1.450,1.160,1.370,1.480,1.450
3750617855.955,1.450,1.160,1.370,1.480,1.450
3750617855.990,1.450,1.160,1.370,1.480,1.450
3750617856.030,1.450,1.160,1.370,1.480,1.450
3750617856.064,1.450,1.160,1.370,1.480,1.450
3750617856.103,1.450,1.160,1.370,1.480,1.450
3750617856.135,1.450,1.160,1.370,1.480,1.450
3750617856.258,1.450,1.160,1.370,1.480,1.450
3750617856.260,1.450,1.160,1.370,1.480,1.450
3750617856.262,1.450,1.160,1.370,1.480,1.450
3750617856.278,1.450,1.160,1.370,1.480,1.450
3750617856.313,1.450,1.160,1.370,1.480,1.450
3750617856.350,1.450,1.160,1.370,1.480,1.450
3750617856.389,1.450,1.160,1.370,1.480,1.450
3750617856.421,1.450,1.160,1.370,1.480,1.450
3750617856.455,1.450,1.160,1.380,1.480,1.450
3750617856.493,1.450,1.160,1.380,1.480,1.450
3750617856.528,1.450,1.160,1.380,1.480,1.450
3750617856.564,1.450,1.160,1.370,1.480,1.450
3750617856.605,1.450,1.160,1.370,1.480,1.450
3750617856.635,1.450,1.160,1.370,1.480,1.450
3750617856.674,1.450,1.160,1.370,1.480,1.450
3750617856.708,1.450,1.160,1.370,1.480,1.450
3750617856.746,1.450,1.160,1.370,1.480,1.450
3750617856.781,1.450,1.160,1.370,1.480,1.450
3750617856.814,1.450,1.160,1.370,1.480,1.450
3750617856.853,1.450,1.160,1.370,1.480,1.450
3750617856.888,1.450,1.160,1.370,1.480,1.450
3750617856.923,1.450,1.160,1.370,1.480,1.450
3750617856.956,1.450,1.160,1.370,1.480,1.450
3750617856.994,1.450,1.160,1.370,1.480,1.450
3750617857.032,1.450,1.160,1.370,1.480,1.450
3750617857.067,1.450,1.160,1.370,1.480,1.450
3750617857.102,1.450,1.160,1.370,1.480,1.450
3750617857.135,1.450,1.160,1.370,1.480,1.450
3750617857.212,1.450,1.160,1.380,1.480,1.450
3750617857.214,1.450,1.160,1.380,1.480,1.450
3750617857.296,1.450,1.160,1.380,1.480,1.450
3750617857.300,1.450,1.160,1.380,1.480,1.450
3750617857.316,1.450,1.160,1.380,1.480,1.450
3750617857.353,1.450,1.160,1.370,1.480,1.450
3750617857.389,1.450,1.160,1.370,1.480,1.450
3750617857.425,1.450,1.160,1.370,1.480,1.450
3750617857.458,1.450,1.160,1.370,1.480,1.450
3750617857.495,1.450,1.160,1.370,1.480,1.450
3750617857.531,1.450,1.160,1.370,1.480,1.450
3750617857.567,1.450,1.160,1.370,1.480,1.450
3750617857.602,1.450,1.160,1.370,1.480,1.450
3750617857.635,1.450,1.160,1.370,1.480,1.450
3750617857.674,1.450,1.160,1.370,1.480,1.450
3750617857.711,1.450,1.160,1.370,1.480,1.450
3750617857.751,1.450,1.160,1.370,1.480,1.450
3750617857.778,1.450,1.160,1.370,1.480,1.450
3750617857.817,1.450,1.160,1.370,1.480,1.450
3750617857.856,1.450,1.160,1.370,1.480,1.450
3750617857.889,1.450,1.160,1.370,1.480,1.450
3750617857.924,1.450,1.160,1.370,1.480,1.450
3750617857.959,1.450,1.160,1.380,1.480,1.450
3750617857.996,1.450,1.160,1.380,1.480,1.450
3750617858.032,1.450,1.160,1.380,1.480,1.450
3750617858.069,1.450,1.160,1.370,1.480,1.450
3750617858.104,1.450,1.160,1.370,1.480,1.450
3750617858.138,1.450,1.160,1.370,1.480,1.450
3750617858.177,1.450,1.160,1.370,1.480,1.450
3750617858.213,1.450,1.160,1.370,1.480,1.450
3750617858.258,1.450,1.160,1.370,1.480,1.450
3750617858.280,1.450,1.160,1.370,1.480,1.450
3750617858.319,1.450,1.160,1.370,1.480,1.450
3750617858.353,1.450,1.160,1.370,1.480,1.450
3750617858.393,1.450,1.160,1.370,1.480,1.450
3750617858.426,1.450,1.160,1.370,1.480,1.450
3750617858.459,1.450,1.160,1.370,1.480,1.450
3750617858.497,1.450,1.160,1.370,1.480,1.450
3750617858.533,1.450,1.160,1.370,1.480,1.450
3750617858.568,1.450,1.160,1.370,1.480,1.450
3750617858.606,1.450,1.160,1.370,1.480,1.450
3750617858.638,1.450,1.160,1.370,1.480,1.450
3750617858.676,1.450,1.160,1.370,1.480,1.450
3750617858.713,1.450,1.160,1.370,1.480,1.450
3750617858.748,1.450,1.160,1.370,1.480,1.450
3750617858.781,1.450,1.160,1.370,1.480,1.450
3750617858.818,1.450,1.160,1.370,1.480,1.450
3750617858.854,1.450,1.160,1.370,1.480,1.450
3750617858.891,1.450,1.160,1.370,1.480,1.450
3750617858.928,1.450,1.160,1.370,1.480,1.450
3750617858.963,1.450,1.160,1.370,1.480,1.450
3750617858.998,1.450,1.160,1.370,1.480,1.450
3750617859.034,1.450,1.160,1.370,1.480,1.450
3750617859.071,1.450,1.160,1.370,1.480,1.450
3750617859.104,1.450,1.160,1.370,1.480,1.450
3750617859.142,1.450,1.160,1.370,1.480,1.450
3750617859.179,1.450,1.160,1.370,1.480,1.450
3750617859.230,1.450,1.160,1.370,1.480,1.450
3750617859.249,1.450,1.160,1.370,1.480,1.450
3750617859.283,1.450,1.160,1.370,1.480,1.450
3750617859.322,1.450,1.160,1.370,1.480,1.450
3750617859.356,1.450,1.160,1.370,1.480,1.450
3750617859.392,1.450,1.160,1.370,1.480,1.450
3750617859.428,1.450,1.160,1.370,1.480,1.450
3750617859.461,1.450,1.160,1.370,1.480,1.450
3750617859.499,1.450,1.160,1.370,1.480,1.450
3750617859.534,1.450,1.160,1.370,1.480,1.450
3750617859.571,1.450,1.160,1.370,1.480,1.450
3750617859.604,1.450,1.160,1.370,1.480,1.450
3750617859.644,1.450,1.160,1.370,1.480,1.450
3750617859.678,1.450,1.160,1.370,1.480,1.450
3750617859.713,1.450,1.160,1.370,1.480,1.450
3750617859.754,1.450,1.160,1.370,1.480,1.450
3750617859.838,1.450,1.160,1.370,1.480,1.450
3750617859.885,1.450,1.160,1.370,1.480,1.450
3750617859.891,1.450,1.160,1.380,1.480,1.450
3750617859.914,1.450,1.160,1.380,1.480,1.450
3750617859.931,1.450,1.160,1.380,1.480,1.450
3750617859.962,1.450,1.160,1.380,1.480,1.450
3750617860.000,1.450,1.160,1.370,1.480,1.450
3750617860.036,1.450,1.160,1.370,1.480,1.450
3750617860.072,1.450,1.160,1.370,1.480,1.450
3750617860.105,1.450,1.160,1.370,1.480,1.450
3750617860.144,1.450,1.160,1.370,1.480,1.450
3750617860.198,1.450,1.160,1.370,1.480,1.450
3750617860.228,1.450,1.160,1.370,1.480,1.450
3750617860.253,1.450,1.160,1.370,1.480,1.450
3750617860.286,1.450,1.160,1.370,1.480,1.450
3750617860.325,1.450,1.160,1.370,1.480,1.450
3750617860.360,1.450,1.160,1.370,1.480,1.450
3750617860.396,1.450,1.160,1.370,1.480,1.450
3750617860.428,1.450,1.160,1.370,1.480,1.450
3750617860.466,1.450,1.160,1.370,1.480,1.450
3750617860.502,1.450,1.160,1.370,1.480,1.450
3750617860.540,1.450,1.160,1.370,1.480,1.450
3750617860.572,1.450,1.160,1.380,1.480,1.450
3750617860.608,1.450,1.160,1.380,1.480,1.450
3750617860.646,1.450,1.160,1.380,1.480,1.450
3750617860.681,1.450,1.160,1.380,1.480,1.450
3750617860.719,1.450,1.160,1.370,1.480,1.450
3750617860.756,1.450,1.160,1.370,1.480,1.450
3750617860.789,1.450,1.160,1.370,1.480,1.450
3750617860.823,1.450,1.160,1.370,1.480,1.450
3750617860.865,1.450,1.160,1.370,1.480,1.450
3750617860.919,1.450,1.160,1.370,1.480,1.450
3750617860.930,1.450,1.160,1.370,1.480,1.450
3750617860.975,1.450,1.160,1.370,1.480,1.450
3750617861.007,1.450,1.160,1.370,1.480,1.450
3750617861.040,1.450,1.160,1.370,1.480,1.450
3750617861.086,1.450,1.160,1.370,1.480,1.450
3750617861.110,1.450,1.160,1.370,1.480,1.450
3750617861.147,1.450,1.160,1.370,1.480,1.450
3750617861.182,1.450,1.160,1.370,1.480,1.450
3750617861.217,1.450,1.160,1.370,1.480,1.450
3750617861.255,1.450,1.160,1.370,1.480,1.450
3750617861.286,1.450,1.160,1.370,1.480,1.450
3750617861.324,1.450,1.160,1.370,1.480,1.450
3750617861.360,1.450,1.160,1.370,1.480,1.450
3750617861.409,1.450,1.160,1.370,1.480,1.450
3750617861.431,1.450,1.160,1.370,1.480,1.450
3750617861.469,1.450,1.160,1.370,1.480,1.450
3750617861.502,1.450,1.160,1.370,1.480,1.450
3750617861.541,1.450,1.160,1.380,1.480,1.450
3750617861.576,1.450,1.160,1.380,1.480,1.450
3750617861.609,1.450,1.160,1.380,1.480,1.450
3750617861.647,1.450,1.160,1.370,1.480,1.450
3750617861.684,1.450,1.160,1.370,1.480,1.450
3750617861.718,1.450,1.160,1.370,1.480,1.450
3750617861.758,1.450,1.160,1.370,1.480,1.450
3750617861.787,1.450,1.160,1.370,1.480,1.450
3750617861.828,1.450,1.160,1.370,1.480,1.450
3750617861.863,1.450,1.160,1.370,1.480,1.450
3750617861.897,1.450,1.160,1.370,1.480,1.450
3750617861.930,1.450,1.160,1.370,1.480,1.450
3750617861.969,1.450,1.160,1.370,1.480,1.450
3750617862.004,1.450,1.160,1.370,1.480,1.450
3750617862.040,1.450,1.160,1.380,1.480,1.450
3750617862.077,1.450,1.160,1.380,1.480,1.450
3750617862.109,1.450,1.160,1.380,1.480,1.450
3750617862.147,1.450,1.160,1.380,1.480,1.450
3750617862.183,1.450,1.160,1.370,1.480,1.450
3750617862.226,1.450,1.160,1.370,1.480,1.450
3750617862.253,1.450,1.160,1.380,1.480,1.450
3750617862.290,1.450,1.160,1.380,1.480,1.450
3750617862.327,1.450,1.160,1.380,1.480,1.450
3750617862.362,1.450,1.160,1.370,1.480,1.450
3750617862.397,1.450,1.160,1.370,1.480,1.450
3750617862.431,1.450,1.160,1.370,1.480,1.450
3750617862.469,1.450,1.160,1.370,1.480,1.450
3750617862.505,1.450,1.160,1.370,1.480,1.450
3750617862.542,1.450,1.160,1.370,1.480,1.450
3750617862.577,1.450,1.160,1.370,1.480,1.450
3750617862.611,1.450,1.160,1.370,1.480,1.450
3750617862.650,1.450,1.160,1.370,1.480,1.450
3750617862.683,1.450,1.160,1.370,1.480,1.450
3750617862.719,1.450,1.160,1.370,1.480,1.450
3750617862.753,1.450,1.160,1.370,1.480,1.450
3750617862.791,1.450,1.160,1.370,1.480,1.450
3750617862.828,1.450,1.160,1.370,1.480,1.450
3750617862.862,1.450,1.160,1.370,1.480,1.450
3750617862.900,1.450,1.160,1.370,1.480,1.450
3750617862.932,1.450,1.160,1.370,1.480,1.450
3750617862.970,1.450,1.160,1.370,1.480,1.450
3750617863.006,1.450,1.160,1.370,1.480,1.450
3750617863.042,1.450,1.160,1.370,1.480,1.450
3750617863.075,1.450,1.160,1.370,1.480,1.450
3750617863.112,1.450,1.160,1.370,1.480,1.450
3750617863.149,1.450,1.160,1.370,1.480,1.450
3750617863.186,1.450,1.160,1.370,1.480,1.450
3750617863.224,1.450,1.160,1.370,1.480,1.450
3750617863.255,1.450,1.160,1.370,1.480,1.450
3750617863.291,1.450,1.160,1.370,1.480,1.450
3750617863.331,1.450,1.160,1.380,1.480,1.450
3750617863.363,1.450,1.160,1.380,1.480,1.450
3750617863.400,1.450,1.160,1.380,1.480,1.450
3750617863.437,1.450,1.160,1.370,1.480,1.450
3750617863.472,1.450,1.160,1.370,1.480,1.450
3750617863.506,1.450,1.160,1.370,1.480,1.450
3750617863.543,1.450,1.160,1.370,1.480,1.450
3750617863.577,1.450,1.160,1.370,1.480,1.450
3750617863.615,1.450,1.160,1.370,1.480,1.450
3750617863.651,1.450,1.160,1.370,1.480,1.450
3750617863.686,1.450,1.160,1.370,1.480,1.450
3750617863.722,1.450,1.160,1.370,1.480,1.450
3750617863.756,1.450,1.160,1.370,1.480,1.450
3750617863.794,1.450,1.160,1.370,1.480,1.450
3750617863.828,1.450,1.160,1.370,1.480,1.450
3750617863.865,1.450,1.160,1.370,1.480,1.450
3750617863.899,1.450,1.160,1.370,1.480,1.450
3750617863.934,1.450,1.160,1.370,1.480,1.450
3750617863.971,1.450,1.160,1.370,1.480,1.450
3750617864.007,1.450,1.160,1.370,1.480,1.450
3750617864.045,1.450,1.160,1.370,1.480,1.450
3750617864.077,1.450,1.160,1.370,1.480,1.450
3750617864.114,1.450,1.160,1.370,1.480,1.450
3750617864.166,1.450,1.160,1.370,1.480,1.450
3750617864.187,1.450,1.160,1.370,1.480,1.450
3750617864.222,1.450,1.160,1.370,1.480,1.450
3750617864.256,1.450,1.160,1.370,1.480,1.450
3750617864.294,1.450,1.160,1.370,1.480,1.450
3750617864.330,1.450,1.160,1.370,1.480,1.450
3750617864.366,1.450,1.160,1.370,1.480,1.450
3750617864.399,1.450,1.160,1.370,1.480,1.450
3750617864.441,1.450,1.160,1.370,1.480,1.450
3750617864.476,1.450,1.160,1.380,1.480,1.450
3750617864.510,1.450,1.160,1.380,1.480,1.450
3750617864.545,1.450,1.160,1.380,1.480,1.450
3750617864.582,1.450,1.160,1.370,1.480,1.450
3750617864.616,1.450,1.160,1.370,1.480,1.450
3750617864.651,1.450,1.160,1.370,1.480,1.450
3750617864.692,1.450,1.160,1.370,1.480,1.450
3750617864.721,1.450,1.160,1.370,1.480,1.450
3750617864.758,1.450,1.160,1.370,1.480,1.450
3750617864.795,1.450,1.160,1.370,1.480,1.450
3750617864.830,1.450,1.160,1.370,1.480,1.450
3750617864.868,1.450,1.160,1.370,1.480,1.450
3750617864.902,1.450,1.160,1.370,1.480,1.450
3750617864.938,1.450,1.160,1.370,1.480,1.450
3750617864.974,1.450,1.160,1.370,1.480,1.450
3750617865.011,1.450,1.160,1.370,1.480,1.450
3750617865.045,1.450,1.160,1.370,1.480,1.450
3750617865.081,1.450,1.160,1.370,1.480,1.450
3750617865.116,1.450,1.160,1.370,1.480,1.450
3750617865.153,1.450,1.160,1.370,1.480,1.450
3750617865.188,1.450,1.160,1.370,1.480,1.450
3750617865.233,1.450,1.160,1.370,1.480,1.450
3750617865.269,1.450,1.160,1.370,1.480,1.450
3750617865.297,1.450,1.160,1.370,1.480,1.450
3750617865.331,1.450,1.160,1.370,1.480,1.450
3750617865.371,1.450,1.160,1.370,1.480,1.450
3750617865.402,1.450,1.160,1.370,1.480,1.450
3750617865.456,1.450,1.160,1.370,1.480,1.450
3750617865.479,1.450,1.160,1.370,1.480,1.450
3750617865.510,1.450,1.160,1.370,1.480,1.450
3750617865.548,1.450,1.160,1.370,1.480,1.450
3750617865.582,1.450,1.160,1.370,1.480,1.450
3750617865.617,1.450,1.160,1.370,1.480,1.450
3750617865.661,1.450,1.160,1.370,1.480,1.450
3750617865.695,1.450,1.160,1.370,1.480,1.450
3750617865.725,1.450,1.160,1.370,1.480,1.450
3750617865.761,1.450,1.160,1.370,1.480,1.450
3750617865.804,1.450,1.160,1.370,1.480,1.450
3750617865.836,1.450,1.160,1.370,1.480,1.450
3750617865.869,1.450,1.160,1.370,1.480,1.450
3750617865.904,1.450,1.160,1.370,1.480,1.450
3750617865.940,1.450,1.160,1.370,1.480,1.450
3750617865.976,1.450,1.160,1.370,1.480,1.450
3750617866.012,1.450,1.160,1.370,1.480,1.450
3750617866.046,1.450,1.160,1.370,1.480,1.450
3750617866.083,1.450,1.160,1.370,1.480,1.450
3750617866.120,1.450,1.160,1.370,1.480,1.450
3750617866.155,1.450,1.160,1.370,1.480,1.450
3750617866.190,1.450,1.160,1.370,1.480,1.450
3750617866.225,1.450,1.160,1.370,1.480,1.450
3750617866.262,1.450,1.160,1.370,1.480,1.450
3750617866.299,1.450,1.160,1.370,1.480,1.450
3750617866.334,1.450,1.160,1.370,1.480,1.450
3750617866.372,1.450,1.160,1.370,1.480,1.450
3750617866.406,1.450,1.160,1.370,1.480,1.450
3750617866.440,1.450,1.160,1.370,1.480,1.450
3750617866.476,1.450,1.160,1.370,1.480,1.450
3750617866.513,1.450,1.160,1.370,1.480,1.450
3750617866.545,1.450,1.160,1.370,1.480,1.450
3750617866.585,1.450,1.160,1.370,1.480,1.450
3750617866.622,1.450,1.160,1.370,1.480,1.450
3750617866.659,1.450,1.160,1.370,1.480,1.450
3750617866.696,1.450,1.160,1.370,1.480,1.450
3750617866.727,1.450,1.160,1.370,1.480,1.450
3750617866.762,1.450,1.160,1.370,1.480,1.450
3750617866.798,1.450,1.160,1.370,1.480,1.450
3750617866.855,1.450,1.160,1.370,1.480,1.450
3750617866.871,1.450,1.160,1.370,1.480,1.450
3750617866.906,1.450,1.160,1.370,1.480,1.450
3750617866.943,1.450,1.160,1.370,1.480,1.450
3750617866.978,1.450,1.160,1.370,1.480,1.450
3750617867.014,1.450,1.160,1.370,1.480,1.450
3750617867.047,1.450,1.160,1.370,1.480,1.450
3750617867.110,1.450,1.160,1.370,1.480,1.450
3750617867.121,1.450,1.160,1.370,1.480,1.450
3750617867.157,1.450,1.160,1.370,1.480,1.450
3750617867.193,1.450,1.160,1.370,1.480,1.450
3750617867.226,1.450,1.160,1.370,1.480,1.450
3750617867.264,1.450,1.160,1.370,1.480,1.450
3750617867.299,1.450,1.160,1.370,1.480,1.450
3750617867.336,1.450,1.160,1.370,1.480,1.450
3750617867.369,1.450,1.160,1.370,1.480,1.450
3750617867.408,1.450,1.160,1.370,1.480,1.450
3750617867.443,1.450,1.160,1.380,1.480,1.450
3750617867.479,1.450,1.160,1.380,1.480,1.450
3750617867.515,1.450,1.160,1.380,1.480,1.450
3750617867.548,1.450,1.160,1.370,1.480,1.450
3750617867.587,1.450,1.160,1.370,1.480,1.450
3750617867.622,1.450,1.160,1.370,1.480,1.450
3750617867.658,1.450,1.160,1.370,1.480,1.450
3750617867.693,1.450,1.160,1.380,1.480,1.450
3750617867.726,1.450,1.160,1.380,1.480,1.450
3750617867.764,1.450,1.160,1.380,1.480,1.450
3750617867.801,1.450,1.160,1.370,1.480,1.450
3750617867.838,1.450,1.160,1.370,1.480,1.450
3750617867.871,1.450,1.160,1.370,1.480,1.450
3750617867.907,1.450,1.160,1.370,1.480,1.450
3750617867.943,1.450,1.160,1.370,1.480,1.450
3750617867.980,1.450,1.160,1.370,1.480,1.450
3750617868.015,1.450,1.160,1.370,1.480,1.450
3750617868.049,1.450,1.160,1.370,1.480,1.450
3750617868.089,1.450,1.160,1.370,1.480,1.450
3750617868.124,1.450,1.160,1.370,1.480,1.450
3750617868.159,1.450,1.160,1.370,1.480,1.450
3750617868.194,1.450,1.160,1.370,1.480,1.450
3750617868.233,1.450,1.160,1.370,1.480,1.450
3750617868.267,1.450,1.160,1.370,1.480,1.450
3750617868.305,1.450,1.160,1.370,1.480,1.450
3750617868.338,1.450,1.160,1.370,1.480,1.450
3750617868.372,1.450,1.160,1.370,1.480,1.450
3750617868.410,1.450,1.160,1.370,1.480,1.450
3750617868.445,1.450,1.160,1.370,1.480,1.450
3750617868.482,1.450,1.160,1.370,1.480,1.450
3750617868.516,1.450,1.160,1.370,1.480,1.450
3750617868.553,1.450,1.160,1.370,1.480,1.450
3750617868.589,1.450,1.160,1.370,1.480,1.450
3750617868.628,1.450,1.160,1.380,1.480,1.450
3750617868.661,1.450,1.160,1.380,1.480,1.450
3750617868.694,1.450,1.160,1.380,1.480,1.450
3750617868.733,1.450,1.160,1.370,1.480,1.450
3750617868.766,1.450,1.160,1.370,1.480,1.450
3750617868.804,1.450,1.160,1.370,1.480,1.450
3750617868.839,1.450,1.160,1.370,1.480,1.450
3750617868.872,1.450,1.160,1.370,1.480,1.450
3750617868.912,1.450,1.160,1.370,1.480,1.450
3750617868.947,1.450,1.160,1.370,1.480,1.450
3750617868.982,1.450,1.160,1.370,1.480,1.450
3750617869.018,1.450,1.160,1.370,1.480,1.450
3750617869.053,1.450,1.160,1.370,1.480,1.450
3750617869.088,1.450,1.160,1.370,1.480,1.450
3750617869.125,1.450,1.160,1.370,1.480,1.450
3750617869.161,1.450,1.160,1.370,1.480,1.450
3750617869.194,1.450,1.160,1.370,1.480,1.450
3750617869.231,1.450,1.160,1.370,1.480,1.450
3750617869.269,1.450,1.160,1.370,1.480,1.450
3750617869.304,1.450,1.160,1.370,1.480,1.450
3750617869.340,1.450,1.160,1.370,1.480,1.450
3750617869.375,1.450,1.160,1.370,1.480,1.450
3750617869.410,1.450,1.160,1.370,1.480,1.450
3750617869.446,1.450,1.160,1.370,1.480,1.450
3750617869.482,1.450,1.160,1.370,1.480,1.450
3750617869.516,1.450,1.160,1.370,1.480,1.450
3750617869.553,1.450,1.160,1.370,1.480,1.450
3750617869.589,1.450,1.160,1.370,1.480,1.450
3750617869.625,1.450,1.160,1.380,1.480,1.450
3750617869.663,1.450,1.160,1.380,1.480,1.450
3750617869.695,1.450,1.160,1.380,1.480,1.450
3750617869.733,1.450,1.160,1.370,1.480,1.450
3750617869.769,1.450,1.160,1.370,1.480,1.450
3750617869.805,1.450,1.160,1.370,1.480,1.450
3750617869.841,1.450,1.160,1.370,1.480,1.450
3750617869.874,1.450,1.160,1.370,1.480,1.450
3750617869.912,1.450,1.160,1.370,1.480,1.450
3750617869.947,1.450,1.160,1.370,1.480,1.450
3750617869.985,1.450,1.160,1.370,1.480,1.450
3750617870.018,1.450,1.160,1.370,1.480,1.450
3750617870.055,1.450,1.160,1.370,1.480,1.450
3750617870.091,1.450,1.160,1.380,1.480,1.450
3750617870.129,1.450,1.160,1.380,1.480,1.450
3750617870.163,1.450,1.160,1.380,1.480,1.450
3750617870.196,1.450,1.160,1.370,1.480,1.450
3750617870.233,1.450,1.160,1.370,1.480,1.450
3750617870.271,1.450,1.160,1.370,1.480,1.450
3750617870.306,1.450,1.160,1.370,1.480,1.450
3750617870.362,1.450,1.160,1.370,1.480,1.450
3750617870.378,1.450,1.160,1.370,1.480,1.450
3750617870.412,1.450,1.160,1.370,1.480,1.450
3750617870.450,1.450,1.160,1.370,1.480,1.450
3750617870.485,1.450,1.160,1.370,1.480,1.450
3750617870.518,1.450,1.160,1.370,1.480,1.450
3750617870.558,1.450,1.160,1.370,1.480,1.450
3750617870.591,1.450,1.160,1.370,1.480,1.450
3750617870.629,1.450,1.160,1.370,1.480,1.450
3750617870.663,1.450,1.160,1.370,1.480,1.450
3750617870.698,1.450,1.160,1.370,1.480,1.450
3750617870.736,1.450,1.160,1.370,1.480,1.450
3750617870.770,1.450,1.160,1.370,1.480,1.450
3750617870.806,1.450,1.160,1.370,1.480,1.450
3750617870.841,1.450,1.160,1.370,1.480,1.450
3750617870.879,1.450,1.160,1.370,1.480,1.450
3750617870.913,1.450,1.160,1.370,1.480,1.450
3750617870.951,1.450,1.160,1.370,1.480,1.450
3750617870.985,1.450,1.160,1.370,1.480,1.450
3750617871.020,1.450,1.160,1.370,1.480,1.450
3750617871.058,1.450,1.160,1.370,1.480,1.450
3750617871.096,1.450,1.160,1.370,1.480,1.450
3750617871.131,1.450,1.160,1.370,1.480,1.450
3750617871.164,1.450,1.160,1.370,1.480,1.450
3750617871.200,1.450,1.160,1.370,1.480,1.450
3750617871.236,1.450,1.160,1.370,1.480,1.450
3750617871.273,1.450,1.160,1.370,1.480,1.450
3750617871.308,1.450,1.160,1.370,1.480,1.450
3750617871.341,1.450,1.160,1.370,1.480,1.450
3750617871.380,1.450,1.160,1.370,1.480,1.450
3750617871.415,1.450,1.160,1.370,1.480,1.450
3750617871.451,1.450,1.160,1.370,1.480,1.450
3750617871.485,1.450,1.160,1.370,1.480,1.450
3750617871.522,1.450,1.160,1.370,1.480,1.450
3750617871.557,1.450,1.160,1.370,1.480,1.450
3750617871.594,1.450,1.160,1.380,1.480,1.450
3750617871.631,1.450,1.160,1.380,1.480,1.450
3750617871.665,1.450,1.160,1.380,1.480,1.450
3750617871.699,1.450,1.160,1.370,1.480,1.450
3750617871.738,1.450,1.160,1.370,1.480,1.450
3750617871.774,1.450,1.160,1.370,1.480,1.450
3750617871.809,1.450,1.160,1.370,1.480,1.450
3750617871.842,1.450,1.160,1.370,1.480,1.450
3750617871.880,1.450,1.160,1.370,1.480,1.450
3750617871.917,1.450,1.160,1.370,1.480,1.450
3750617871.955,1.450,1.160,1.370,1.480,1.450
3750617871.988,1.450,1.160,1.370,1.480,1.450
3750617872.021,1.450,1.160,1.370,1.480,1.450
3750617872.061,1.450,1.160,1.370,1.480,1.450
3750617872.095,1.450,1.160,1.370,1.480,1.450
3750617872.130,1.450,1.160,1.370,1.480,1.450
3750617872.164,1.450,1.160,1.370,1.480,1.450
3750617872.203,1.450,1.160,1.370,1.480,1.450
3750617872.237,1.450,1.160,1.370,1.480,1.450
3750617872.274,1.450,1.160,1.370,1.480,1.450
3750617872.310,1.450,1.160,1.370,1.480,1.450
3750617872.345,1.450,1.160,1.370,1.480,1.450
3750617872.382,1.450,1.160,1.370,1.480,1.450
3750617872.417,1.450,1.160,1.370,1.480,1.450
3750617872.453,1.450,1.160,1.370,1.480,1.450
3750617872.489,1.450,1.160,1.370,1.480,1.450
3750617872.524,1.450,1.160,1.370,1.480,1.450
3750617872.560,1.450,1.160,1.370,1.480,1.450
3750617872.596,1.450,1.160,1.370,1.480,1.450
3750617872.632,1.450,1.160,1.370,1.480,1.450
3750617872.665,1.450,1.160,1.370,1.480,1.450
3750617872.703,1.450,1.160,1.370,1.480,1.450
3750617872.739,1.450,1.160,1.380,1.480,1.450
3750617872.775,1.450,1.160,1.380,1.480,1.450
3750617872.812,1.450,1.160,1.380,1.480,1.450
3750617872.845,1.450,1.160,1.380,1.480,1.450
3750617872.883,1.450,1.160,1.380,1.480,1.450
3750617872.919,1.450,1.160,1.370,1.480,1.450
3750617872.955,1.450,1.160,1.380,1.480,1.450
3750617872.990,1.450,1.160,1.380,1.480,1.450
3750617873.024,1.450,1.160,1.380,1.480,1.450
3750617873.061,1.450,1.160,1.380,1.480,1.450
3750617873.096,1.450,1.160,1.370,1.480,1.450
3750617873.133,1.450,1.160,1.370,1.480,1.450
3750617873.167,1.450,1.160,1.370,1.480,1.450
3750617873.208,1.450,1.160,1.370,1.480,1.450
3750617873.241,1.450,1.160,1.370,1.480,1.450
3750617873.276,1.450,1.160,1.370,1.480,1.450
3750617873.313,1.450,1.160,1.370,1.480,1.450
3750617873.345,1.450,1.160,1.370,1.480,1.450
3750617873.384,1.450,1.160,1.370,1.480,1.450
3750617873.420,1.450,1.160,1.370,1.480,1.450
3750617873.456,1.450,1.160,1.370,1.480,1.450
3750617873.490,1.450,1.160,1.370,1.480,1.450
3750617873.526,1.450,1.160,1.370,1.480,1.450
3750617873.562,1.450,1.160,1.370,1.480,1.450
3750617873.603,1.450,1.160,1.370,1.480,1.450
3750617873.633,1.450,1.160,1.370,1.480,1.450
3750617873.669,1.450,1.160,1.380,1.480,1.450
3750617873.704,1.450,1.160,1.380,1.480,1.450
3750617873.741,1.450,1.160,1.380,1.480,1.450
3750617873.777,1.450,1.160,1.380,1.480,1.450
3750617873.814,1.450,1.160,1.380,1.480,1.450
3750617873.846,1.450,1.160,1.380,1.480,1.450
3750617873.885,1.450,1.160,1.370,1.480,1.450
3750617873.920,1.450,1.160,1.370,1.480,1.450
3750617873.957,1.450,1.160,1.370,1.480,1.450
3750617873.992,1.450,1.160,1.380,1.480,1.450
3750617874.026,1.450,1.160,1.380,1.480,1.450
3750617874.062,1.450,1.160,1.380,1.480,1.450
3750617874.099,1.450,1.160,1.370,1.480,1.450
3750617874.135,1.450,1.160,1.370,1.480,1.450
3750617874.170,1.450,1.160,1.370,1.480,1.450
3750617874.206,1.450,1.160,1.370,1.480,1.450
3750617874.242,1.450,1.160,1.370,1.480,1.450
3750617874.278,1.450,1.160,1.370,1.480,1.450
3750617874.312,1.450,1.160,1.370,1.480,1.450
3750617874.349,1.450,1.160,1.370,1.480,1.450
3750617874.385,1.450,1.160,1.370,1.480,1.450
3750617874.422,1.450,1.160,1.370,1.480,1.450
3750617874.459,1.450,1.160,1.370,1.480,1.450
3750617874.490,1.450,1.160,1.370,1.480,1.450
3750617874.529,1.450,1.160,1.370,1.480,1.450
3750617874.564,1.450,1.160,1.370,1.480,1.450
3750617874.601,1.450,1.160,1.370,1.480,1.450
3750617874.635,1.450,1.160,1.370,1.480,1.450
3750617874.669,1.450,1.160,1.370,1.480,1.450
3750617874.707,1.450,1.160,1.370,1.480,1.450
3750617874.747,1.450,1.160,1.370,1.480,1.450
3750617874.779,1.450,1.160,1.370,1.480,1.450
3750617874.814,1.450,1.160,1.370,1.480,1.450
3750617874.851,1.450,1.160,1.370,1.480,1.450
3750617874.886,1.450,1.160,1.370,1.480,1.450
3750617874.924,1.450,1.160,1.370,1.480,1.450
3750617874.957,1.450,1.160,1.370,1.480,1.450
3750617874.991,1.450,1.160,1.370,1.480,1.450
3750617875.029,1.450,1.160,1.370,1.480,1.450
3750617875.065,1.450,1.160,1.370,1.480,1.450
3750617875.103,1.450,1.160,1.370,1.480,1.450
3750617875.140,1.450,1.160,1.370,1.480,1.450
3750617875.173,1.450,1.160,1.380,1.480,1.450
3750617875.207,1.450,1.160,1.380,1.480,1.450
3750617875.244,1.450,1.160,1.380,1.480,1.450
3750617875.279,1.450,1.160,1.370,1.480,1.450
3750617875.313,1.450,1.160,1.370,1.480,1.450
3750617875.350,1.450,1.160,1.370,1.480,1.450
3750617875.388,1.450,1.160,1.380,1.480,1.450
3750617875.423,1.450,1.160,1.380,1.480,1.450
3750617875.460,1.450,1.160,1.380,1.480,1.450
3750617875.492,1.450,1.160,1.370,1.480,1.450
3750617875.531,1.450,1.160,1.370,1.480,1.450
3750617875.565,1.450,1.160,1.370,1.480,1.450
3750617875.603,1.450,1.160,1.370,1.480,1.450
3750617875.636,1.450,1.160,1.370,1.480,1.450
3750617875.673,1.450,1.160,1.380,1.480,1.450
3750617875.709,1.450,1.160,1.380,1.480,1.450
3750617875.745,1.450,1.160,1.380,1.480,1.450
3750617875.782,1.450,1.160,1.370,1.480,1.450
3750617875.814,1.450,1.160,1.370,1.480,1.450
3750617875.853,1.450,1.160,1.370,1.480,1.450
3750617875.888,1.450,1.160,1.370,1.480,1.450
3750617875.925,1.450,1.160,1.380,1.480,1.450
3750617875.961,1.450,1.160,1.380,1.480,1.450
3750617875.993,1.450,1.160,1.380,1.480,1.450
3750617876.030,1.450,1.160,1.370,1.480,1.450
3750617876.068,1.450,1.160,1.370,1.480,1.450
3750617876.103,1.450,1.160,1.370,1.480,1.450
3750617876.137,1.450,1.160,1.380,1.480,1.450
3750617876.176,1.450,1.160,1.380,1.480,1.450
3750617876.211,1.450,1.160,1.380,1.480,1.450
3750617876.246,1.450,1.160,1.370,1.480,1.450
3750617876.282,1.450,1.160,1.370,1.480,1.450
3750617876.315,1.450,1.160,1.370,1.480,1.450
3750617876.354,1.450,1.160,1.370,1.480,1.450
3750617876.390,1.450,1.160,1.380,1.480,1.450
3750617876.425,1.450,1.160,1.380,1.480,1.450
3750617876.462,1.450,1.160,1.380,1.480,1.450
3750617876.494,1.450,1.160,1.370,1.480,1.450
3750617876.532,1.450,1.160,1.370,1.480,1.450
3750617876.568,1.450,1.160,1.370,1.480,1.450
3750617876.605,1.450,1.160,1.370,1.480,1.450
3750617876.638,1.450,1.160,1.370,1.480,1.450
3750617876.676,1.450,1.160,1.370,1.480,1.450
3750617876.712,1.450,1.160,1.370,1.480,1.450
3750617876.747,1.450,1.160,1.370,1.480,1.450
3750617876.783,1.450,1.160,1.370,1.480,1.450
3750617876.818,1.450,1.160,1.370,1.480,1.450
3750617876.854,1.450,1.160,1.370,1.480,1.450
3750617876.890,1.450,1.160,1.370,1.480,1.450
3750617876.927,1.450,1.160,1.370,1.480,1.450
3750617876.960,1.450,1.160,1.370,1.480,1.450
3750617876.998,1.450,1.160,1.370,1.480,1.450
3750617877.032,1.450,1.160,1.370,1.480,1.450
3750617877.069,1.450,1.160,1.370,1.480,1.450
3750617877.106,1.450,1.160,1.370,1.480,1.450
3750617877.138,1.450,1.160,1.380,1.480,1.450
3750617877.176,1.450,1.160,1.380,1.480,1.450
3750617877.212,1.450,1.160,1.380,1.480,1.450
3750617877.248,1.450,1.160,1.370,1.480,1.450
3750617877.283,1.450,1.160,1.370,1.480,1.450
3750617877.318,1.450,1.160,1.370,1.480,1.450
3750617877.355,1.450,1.160,1.380,1.480,1.450
3750617877.391,1.450,1.160,1.380,1.480,1.450
3750617877.428,1.450,1.160,1.380,1.480,1.450
3750617877.460,1.450,1.160,1.380,1.480,1.450
3750617877.498,1.450,1.160,1.380,1.480,1.450
3750617877.534,1.450,1.160,1.370,1.480,1.450
3750617877.570,1.450,1.160,1.370,1.480,1.450
3750617877.606,1.450,1.160,1.380,1.480,1.450
3750617877.639,1.450,1.160,1.380,1.480,1.450
3750617877.678,1.450,1.160,1.380,1.480,1.450
3750617877.712,1.450,1.160,1.380,1.480,1.450
3750617877.748,1.450,1.160,1.380,1.480,1.450
3750617877.782,1.450,1.160,1.370,1.480,1.450
3750617877.821,1.450,1.160,1.370,1.480,1.450
3750617877.855,1.450,1.160,1.380,1.480,1.450
3750617877.893,1.450,1.160,1.380,1.480,1.450
3750617877.929,1.450,1.160,1.380,1.480,1.450
3750617877.962,1.450,1.160,1.380,1.480,1.450
3750617878.000,1.450,1.160,1.370,1.480,1.450
3750617878.037,1.450,1.160,1.370,1.480,1.450
3750617878.072,1.450,1.160,1.370,1.480,1.450
3750617878.107,1.450,1.160,1.370,1.480,1.450
3750617878.139,1.450,1.160,1.370,1.480,1.450
3750617878.178,1.450,1.160,1.370,1.480,1.450
3750617878.213,1.450,1.160,1.370,1.480,1.450
